weight_mode,alpha,beta,resolution_rate,fork_accuracy,correct_resolution_rate,misassembly_rate,synthetic_nga50_bp,synthetic_nga50_fraction,mean_observations
linear,0.2,0.2,0.9969135802469136,0.8359133126934984,0.8333333333333334,0.16358024691358025,480,0.8372093023255813,1.33641975308642
llr_mapping_quality,0.2,0.2,0.7515432098765432,0.9034907597535934,0.6790123456790124,0.07253086419753087,480,0.8372093023255813,4.1820987654321
saturating,0.2,0.2,0.9259259259259259,0.845,0.7824074074074074,0.14351851851851852,480,0.8372093023255813,2.3132716049382718
uniform,0.2,0.2,0.018518518518518517,1.0,0.018518518518518517,0.0,240,0.41860465116279066,6.6265432098765435
